"group","species_name","data_quality","exposure_factor","score","type"
"Flatfish","Alaska plaice",3,"BT",1.42,"anomaly"
"Flatfish","Alaska plaice",3,"BS",1.63,"anomaly"
"Flatfish","Alaska plaice",3,"BpH",4,"anomaly"
"Flatfish","Alaska plaice",3,"PhT",1,"anomaly"
"Flatfish","Alaska plaice",3,"ZP",1,"anomaly"
"Flatfish","Alaska plaice",3,"BO2",2.26,"anomaly"
"Flatfish","Alaska plaice",3,"MHW",2.29,"anomaly"
"Elasmobranch","Alaska skate",3,"BT",1.78,"anomaly"
"Elasmobranch","Alaska skate",3,"BS",1.47,"anomaly"
"Elasmobranch","Alaska skate",3,"BpH",4,"anomaly"
"Elasmobranch","Alaska skate",3,"PhT",1,"anomaly"
"Elasmobranch","Alaska skate",3,"ZP",1,"anomaly"
"Elasmobranch","Alaska skate",3,"BO2",2.2,"anomaly"
"Elasmobranch","Alaska skate",3,"MHW",2.69,"anomaly"
"Flatfish","Arrowtooth flounder",3,"BT",1.63,"anomaly"
"Flatfish","Arrowtooth flounder",3,"BS",1.43,"anomaly"
"Flatfish","Arrowtooth flounder",3,"BpH",4,"anomaly"
"Flatfish","Arrowtooth flounder",3,"PhT",1,"anomaly"
"Flatfish","Arrowtooth flounder",3,"ZP",1,"anomaly"
"Flatfish","Arrowtooth flounder",3,"BO2",1.93,"anomaly"
"Flatfish","Arrowtooth flounder",3,"MHW",2.92,"anomaly"
"Groundfish","Atka mackerel",3,"BT",1.62,"anomaly"
"Groundfish","Atka mackerel",3,"BS",1.33,"anomaly"
"Groundfish","Atka mackerel",3,"BpH",4,"anomaly"
"Groundfish","Atka mackerel",3,"PhT",1,"anomaly"
"Groundfish","Atka mackerel",3,"ZP",1,"anomaly"
"Groundfish","Atka mackerel",3,"BO2",2.43,"anomaly"
"Groundfish","Atka mackerel",3,"MHW",2.73,"anomaly"
"Elasmobranch","Big skate",3,"BT",1.53,"anomaly"
"Elasmobranch","Big skate",3,"BS",1.45,"anomaly"
"Elasmobranch","Big skate",3,"BpH",4,"anomaly"
"Elasmobranch","Big skate",3,"PhT",1,"anomaly"
"Elasmobranch","Big skate",3,"ZP",1,"anomaly"
"Elasmobranch","Big skate",3,"BO2",1.87,"anomaly"
"Elasmobranch","Big skate",3,"MHW",2.7,"anomaly"
"Rockfish","Black rockfish",2,"BT",1.48,"anomaly"
"Rockfish","Black rockfish",2,"BS",1.39,"anomaly"
"Rockfish","Black rockfish",2,"BpH",4,"anomaly"
"Rockfish","Black rockfish",2,"PhT",1,"anomaly"
"Rockfish","Black rockfish",2,"ZP",1,"anomaly"
"Rockfish","Black rockfish",2,"BO2",1.99,"anomaly"
"Rockfish","Black rockfish",2,"MHW",3.15,"anomaly"
"Forage","Capelin",2,"SST",1.05,"anomaly"
"Forage","Capelin",2,"SS",1.81,"anomaly"
"Forage","Capelin",2,"SpH",4,"anomaly"
"Forage","Capelin",2,"PhT",1,"anomaly"
"Forage","Capelin",2,"ZP",1,"anomaly"
"Forage","Capelin",2,"SO2",3.15,"anomaly"
"Forage","Capelin",2,"AT",2.12,"anomaly"
"Forage","Capelin",2,"MHW",2.92,"anomaly"
"Salmon","Chinook salmon",2,"SST",1.02,"anomaly"
"Salmon","Chinook salmon",2,"SS",1.51,"anomaly"
"Salmon","Chinook salmon",2,"SpH",4,"anomaly"
"Salmon","Chinook salmon",2,"PhT",1,"anomaly"
"Salmon","Chinook salmon",2,"ZP",1,"anomaly"
"Salmon","Chinook salmon",2,"SO2",2.91,"anomaly"
"Salmon","Chinook salmon",2,"AT",2.62,"anomaly"
"Salmon","Chinook salmon",2,"PR",1.92,"anomaly"
"Salmon","Chinook salmon",2,"MHW",2.59,"anomaly"
"Salmon","Chum salmon",2,"SST",1.04,"anomaly"
"Salmon","Chum salmon",2,"SS",1.86,"anomaly"
"Salmon","Chum salmon",2,"SpH",4,"anomaly"
"Salmon","Chum salmon",2,"PhT",1,"anomaly"
"Salmon","Chum salmon",2,"ZP",1,"anomaly"
"Salmon","Chum salmon",2,"SO2",3.26,"anomaly"
"Salmon","Chum salmon",2,"AT",2.29,"anomaly"
"Salmon","Chum salmon",2,"PR",1.98,"anomaly"
"Salmon","Chum salmon",2,"MHW",3.14,"anomaly"
"Salmon","Coho salmon",2,"SST",1.02,"anomaly"
"Salmon","Coho salmon",2,"SS",1.51,"anomaly"
"Salmon","Coho salmon",2,"SpH",4,"anomaly"
"Salmon","Coho salmon",2,"PhT",1,"anomaly"
"Salmon","Coho salmon",2,"ZP",1,"anomaly"
"Salmon","Coho salmon",2,"SO2",2.91,"anomaly"
"Salmon","Coho salmon",2,"AT",2.62,"anomaly"
"Salmon","Coho salmon",2,"PR",1.92,"anomaly"
"Salmon","Coho salmon",2,"MHW",2.59,"anomaly"
"Flatfish","Dover sole",3,"BT",1.53,"anomaly"
"Flatfish","Dover sole",3,"BS",1.43,"anomaly"
"Flatfish","Dover sole",3,"BpH",4,"anomaly"
"Flatfish","Dover sole",3,"PhT",1,"anomaly"
"Flatfish","Dover sole",3,"ZP",1,"anomaly"
"Flatfish","Dover sole",3,"BO2",1.87,"anomaly"
"Flatfish","Dover sole",3,"MHW",3.16,"anomaly"
"Crustacean","Dungeness crab",2,"BT",1.46,"anomaly"
"Crustacean","Dungeness crab",2,"BS",1.39,"anomaly"
"Crustacean","Dungeness crab",2,"BpH",4,"anomaly"
"Crustacean","Dungeness crab",2,"PhT",1,"anomaly"
"Crustacean","Dungeness crab",2,"ZP",1,"anomaly"
"Crustacean","Dungeness crab",2,"BO2",1.71,"anomaly"
"Crustacean","Dungeness crab",2,"MHW",2.36,"anomaly"
"Rockfish","Dusky rockfish",3,"BT",1.53,"anomaly"
"Rockfish","Dusky rockfish",3,"BS",1.38,"anomaly"
"Rockfish","Dusky rockfish",3,"BpH",4,"anomaly"
"Rockfish","Dusky rockfish",3,"PhT",1,"anomaly"
"Rockfish","Dusky rockfish",3,"ZP",1,"anomaly"
"Rockfish","Dusky rockfish",3,"BO2",2.08,"anomaly"
"Rockfish","Dusky rockfish",3,"MHW",3.13,"anomaly"
"Forage","Eulachon",2,"SST",1.01,"anomaly"
"Forage","Eulachon",2,"SS",1.73,"anomaly"
"Forage","Eulachon",2,"SpH",4,"anomaly"
"Forage","Eulachon",2,"PhT",1,"anomaly"
"Forage","Eulachon",2,"ZP",1,"anomaly"
"Forage","Eulachon",2,"SO2",3.29,"anomaly"
"Forage","Eulachon",2,"AT",2.77,"anomaly"
"Forage","Eulachon",2,"PR",1.96,"anomaly"
"Forage","Eulachon",2,"MHW",3.15,"anomaly"
"Flatfish","Flathead sole",3,"BT",1.7,"anomaly"
"Flatfish","Flathead sole",3,"BS",1.4,"anomaly"
"Flatfish","Flathead sole",3,"BpH",4,"anomaly"
"Flatfish","Flathead sole",3,"PhT",1,"anomaly"
"Flatfish","Flathead sole",3,"ZP",1,"anomaly"
"Flatfish","Flathead sole",3,"BO2",2.3,"anomaly"
"Flatfish","Flathead sole",3,"MHW",2.58,"anomaly"
"Mollusc","Geoduck clam",1,"BT",1.3,"anomaly"
"Mollusc","Geoduck clam",1,"BS",1.34,"anomaly"
"Mollusc","Geoduck clam",1,"BpH",4,"anomaly"
"Mollusc","Geoduck clam",1,"PhT",1,"anomaly"
"Mollusc","Geoduck clam",1,"ZP",1,"anomaly"
"Mollusc","Geoduck clam",1,"BO2",1.72,"anomaly"
"Mollusc","Geoduck clam",1,"AT",2.47,"anomaly"
"Mollusc","Geoduck clam",1,"MHW",1.82,"anomaly"
"Groundfish","Giant grenadier",2,"BT",1,"anomaly"
"Groundfish","Giant grenadier",2,"BS",1.72,"anomaly"
"Groundfish","Giant grenadier",2,"BpH",4,"anomaly"
"Groundfish","Giant grenadier",2,"PhT",1,"anomaly"
"Groundfish","Giant grenadier",2,"ZP",1,"anomaly"
"Groundfish","Giant grenadier",2,"BO2",2.36,"anomaly"
"Groundfish","Giant grenadier",2,"MHW",2.8,"anomaly"
"Mollusc","Giant Pacific octopus",3,"BT",1.51,"anomaly"
"Mollusc","Giant Pacific octopus",3,"BS",1.39,"anomaly"
"Mollusc","Giant Pacific octopus",3,"BpH",4,"anomaly"
"Mollusc","Giant Pacific octopus",3,"PhT",1,"anomaly"
"Mollusc","Giant Pacific octopus",3,"ZP",1,"anomaly"
"Mollusc","Giant Pacific octopus",3,"BO2",2.68,"anomaly"
"Mollusc","Giant Pacific octopus",3,"AT",2.06,"anomaly"
"Mollusc","Giant Pacific octopus",3,"MHW",2.6,"anomaly"
"Crustacean","Golden king crab",2,"BT",1.5,"anomaly"
"Crustacean","Golden king crab",2,"BS",1.46,"anomaly"
"Crustacean","Golden king crab",2,"BpH",3.99,"anomaly"
"Crustacean","Golden king crab",2,"PhT",1,"anomaly"
"Crustacean","Golden king crab",2,"ZP",1,"anomaly"
"Crustacean","Golden king crab",2,"BO2",1.84,"anomaly"
"Crustacean","Golden king crab",2,"MHW",3.15,"anomaly"
"Rockfish","Harlequin rockfish",3,"BT",1.45,"anomaly"
"Rockfish","Harlequin rockfish",3,"BS",1.39,"anomaly"
"Rockfish","Harlequin rockfish",3,"BpH",4,"anomaly"
"Rockfish","Harlequin rockfish",3,"PhT",1,"anomaly"
"Rockfish","Harlequin rockfish",3,"ZP",1,"anomaly"
"Rockfish","Harlequin rockfish",3,"BO2",2.05,"anomaly"
"Rockfish","Harlequin rockfish",3,"MHW",3.19,"anomaly"
"Groundfish","Lingcod",3,"BT",1.46,"anomaly"
"Groundfish","Lingcod",3,"BS",1.4,"anomaly"
"Groundfish","Lingcod",3,"BpH",4,"anomaly"
"Groundfish","Lingcod",3,"PhT",1,"anomaly"
"Groundfish","Lingcod",3,"ZP",1,"anomaly"
"Groundfish","Lingcod",3,"BO2",1.63,"anomaly"
"Groundfish","Lingcod",3,"MHW",2.92,"anomaly"
"Mollusc","Littleneck clam",1,"BT",1.34,"anomaly"
"Mollusc","Littleneck clam",1,"BS",1.3,"anomaly"
"Mollusc","Littleneck clam",1,"BpH",4,"anomaly"
"Mollusc","Littleneck clam",1,"PhT",1,"anomaly"
"Mollusc","Littleneck clam",1,"ZP",1,"anomaly"
"Mollusc","Littleneck clam",1,"BO2",1.67,"anomaly"
"Mollusc","Littleneck clam",1,"AT",2.61,"anomaly"
"Mollusc","Littleneck clam",1,"MHW",2.11,"anomaly"
"Elasmobranch","Longnose skate",3,"BT",1.65,"anomaly"
"Elasmobranch","Longnose skate",3,"BS",1.38,"anomaly"
"Elasmobranch","Longnose skate",3,"BpH",4,"anomaly"
"Elasmobranch","Longnose skate",3,"PhT",1,"anomaly"
"Elasmobranch","Longnose skate",3,"ZP",1,"anomaly"
"Elasmobranch","Longnose skate",3,"BO2",1.79,"anomaly"
"Elasmobranch","Longnose skate",3,"MHW",3.03,"anomaly"
"Mollusc","Magistrate armhook squid",2,"BT",1.5,"anomaly"
"Mollusc","Magistrate armhook squid",2,"BS",1.46,"anomaly"
"Mollusc","Magistrate armhook squid",2,"BpH",3.99,"anomaly"
"Mollusc","Magistrate armhook squid",2,"PhT",1,"anomaly"
"Mollusc","Magistrate armhook squid",2,"ZP",1,"anomaly"
"Mollusc","Magistrate armhook squid",2,"BO2",1.84,"anomaly"
"Mollusc","Magistrate armhook squid",2,"MHW",3.15,"anomaly"
"Flatfish","Northern rock sole",3,"BT",1.57,"anomaly"
"Flatfish","Northern rock sole",3,"BS",1.45,"anomaly"
"Flatfish","Northern rock sole",3,"BpH",4,"anomaly"
"Flatfish","Northern rock sole",3,"PhT",1,"anomaly"
"Flatfish","Northern rock sole",3,"ZP",1,"anomaly"
"Flatfish","Northern rock sole",3,"BO2",2.44,"anomaly"
"Flatfish","Northern rock sole",3,"MHW",2.55,"anomaly"
"Rockfish","Northern rockfish",3,"BT",1.6,"anomaly"
"Rockfish","Northern rockfish",3,"BS",1.33,"anomaly"
"Rockfish","Northern rockfish",3,"BpH",4,"anomaly"
"Rockfish","Northern rockfish",3,"PhT",1,"anomaly"
"Rockfish","Northern rockfish",3,"ZP",1,"anomaly"
"Rockfish","Northern rockfish",3,"BO2",2.24,"anomaly"
"Rockfish","Northern rockfish",3,"MHW",2.95,"anomaly"
"Groundfish","Pacific cod",3,"BT",1.62,"anomaly"
"Groundfish","Pacific cod",3,"BS",1.43,"anomaly"
"Groundfish","Pacific cod",3,"BpH",4,"anomaly"
"Groundfish","Pacific cod",3,"PhT",1,"anomaly"
"Groundfish","Pacific cod",3,"ZP",1,"anomaly"
"Groundfish","Pacific cod",3,"BO2",2.4,"anomaly"
"Groundfish","Pacific cod",3,"MHW",2.68,"anomaly"
"Flatfish","Pacific halibut",3,"BT",1.56,"anomaly"
"Flatfish","Pacific halibut",3,"BS",1.51,"anomaly"
"Flatfish","Pacific halibut",3,"BpH",4,"anomaly"
"Flatfish","Pacific halibut",3,"PhT",1,"anomaly"
"Flatfish","Pacific halibut",3,"ZP",1,"anomaly"
"Flatfish","Pacific halibut",3,"BO2",1.86,"anomaly"
"Flatfish","Pacific halibut",3,"MHW",3.02,"anomaly"
"Forage","Pacific herring",2,"SST",1.01,"anomaly"
"Forage","Pacific herring",2,"SS",1.73,"anomaly"
"Forage","Pacific herring",2,"SpH",4,"anomaly"
"Forage","Pacific herring",2,"PhT",1,"anomaly"
"Forage","Pacific herring",2,"ZP",1,"anomaly"
"Forage","Pacific herring",2,"SO2",3.29,"anomaly"
"Forage","Pacific herring",2,"AT",2.77,"anomaly"
"Forage","Pacific herring",2,"MHW",3.15,"anomaly"
"Rockfish","Pacific ocean perch",3,"BT",1.52,"anomaly"
"Rockfish","Pacific ocean perch",3,"BS",1.4,"anomaly"
"Rockfish","Pacific ocean perch",3,"BpH",4,"anomaly"
"Rockfish","Pacific ocean perch",3,"PhT",1,"anomaly"
"Rockfish","Pacific ocean perch",3,"ZP",1,"anomaly"
"Rockfish","Pacific ocean perch",3,"BO2",1.97,"anomaly"
"Rockfish","Pacific ocean perch",3,"MHW",3.11,"anomaly"
"Forage","Pacific sand lance",2,"SST",1.01,"anomaly"
"Forage","Pacific sand lance",2,"SS",1.73,"anomaly"
"Forage","Pacific sand lance",2,"SpH",4,"anomaly"
"Forage","Pacific sand lance",2,"PhT",1,"anomaly"
"Forage","Pacific sand lance",2,"ZP",1,"anomaly"
"Forage","Pacific sand lance",2,"SO2",3.29,"anomaly"
"Forage","Pacific sand lance",2,"AT",2.77,"anomaly"
"Forage","Pacific sand lance",2,"MHW",3.15,"anomaly"
"Forage","Pacific sandfish",1,"BT",1.57,"anomaly"
"Forage","Pacific sandfish",1,"BS",1.41,"anomaly"
"Forage","Pacific sandfish",1,"BpH",4,"anomaly"
"Forage","Pacific sandfish",1,"PhT",1,"anomaly"
"Forage","Pacific sandfish",1,"ZP",1,"anomaly"
"Forage","Pacific sandfish",1,"BO2",2.19,"anomaly"
"Forage","Pacific sandfish",1,"MHW",2.77,"anomaly"
"Elasmobranch","Pacific spiny dogfish",3,"SST",1.01,"anomaly"
"Elasmobranch","Pacific spiny dogfish",3,"SS",1.53,"anomaly"
"Elasmobranch","Pacific spiny dogfish",3,"SpH",4,"anomaly"
"Elasmobranch","Pacific spiny dogfish",3,"PhT",1,"anomaly"
"Elasmobranch","Pacific spiny dogfish",3,"ZP",1,"anomaly"
"Elasmobranch","Pacific spiny dogfish",3,"SO2",2.39,"anomaly"
"Elasmobranch","Pacific spiny dogfish",3,"MHW",2.26,"anomaly"
"Flatfish","Petrale sole",3,"BT",1.27,"anomaly"
"Flatfish","Petrale sole",3,"BS",1.6,"anomaly"
"Flatfish","Petrale sole",3,"BpH",3.99,"anomaly"
"Flatfish","Petrale sole",3,"PhT",1,"anomaly"
"Flatfish","Petrale sole",3,"ZP",1,"anomaly"
"Flatfish","Petrale sole",3,"BO2",1.48,"anomaly"
"Flatfish","Petrale sole",3,"MHW",3.59,"anomaly"
"Salmon","Pink salmon",2,"SST",1.01,"anomaly"
"Salmon","Pink salmon",2,"SS",1.5,"anomaly"
"Salmon","Pink salmon",2,"SpH",4,"anomaly"
"Salmon","Pink salmon",2,"PhT",1,"anomaly"
"Salmon","Pink salmon",2,"ZP",1,"anomaly"
"Salmon","Pink salmon",2,"SO2",2.89,"anomaly"
"Salmon","Pink salmon",2,"AT",2.97,"anomaly"
"Salmon","Pink salmon",2,"PR",1.92,"anomaly"
"Salmon","Pink salmon",2,"MHW",3.23,"anomaly"
"Groundfish","Plain sculpin",1,"BT",1.54,"anomaly"
"Groundfish","Plain sculpin",1,"BS",1.45,"anomaly"
"Groundfish","Plain sculpin",1,"BpH",4,"anomaly"
"Groundfish","Plain sculpin",1,"PhT",1,"anomaly"
"Groundfish","Plain sculpin",1,"ZP",1,"anomaly"
"Groundfish","Plain sculpin",1,"BO2",2.1,"anomaly"
"Groundfish","Plain sculpin",1,"MHW",2.92,"anomaly"
"Mollusc","Razor clam",1,"BT",1.39,"anomaly"
"Mollusc","Razor clam",1,"BS",1.31,"anomaly"
"Mollusc","Razor clam",1,"BpH",4,"anomaly"
"Mollusc","Razor clam",1,"PhT",1,"anomaly"
"Mollusc","Razor clam",1,"ZP",1,"anomaly"
"Mollusc","Razor clam",1,"BO2",1.64,"anomaly"
"Mollusc","Razor clam",1,"AT",2.75,"anomaly"
"Mollusc","Razor clam",1,"MHW",2.39,"anomaly"
"Crustacean","Red king crab",2,"BT",1.5,"anomaly"
"Crustacean","Red king crab",2,"BS",1.46,"anomaly"
"Crustacean","Red king crab",2,"BpH",3.99,"anomaly"
"Crustacean","Red king crab",2,"PhT",1,"anomaly"
"Crustacean","Red king crab",2,"ZP",1,"anomaly"
"Crustacean","Red king crab",2,"BO2",1.84,"anomaly"
"Crustacean","Red king crab",2,"MHW",3.15,"anomaly"
"Rockfish","Redbanded rockfish",3,"BT",1.33,"anomaly"
"Rockfish","Redbanded rockfish",3,"BS",1.56,"anomaly"
"Rockfish","Redbanded rockfish",3,"BpH",3.99,"anomaly"
"Rockfish","Redbanded rockfish",3,"PhT",1,"anomaly"
"Rockfish","Redbanded rockfish",3,"ZP",1,"anomaly"
"Rockfish","Redbanded rockfish",3,"BO2",1.72,"anomaly"
"Rockfish","Redbanded rockfish",3,"MHW",3.45,"anomaly"
"Flatfish","Rex sole",3,"BT",1.57,"anomaly"
"Flatfish","Rex sole",3,"BS",1.38,"anomaly"
"Flatfish","Rex sole",3,"BpH",4,"anomaly"
"Flatfish","Rex sole",3,"PhT",1,"anomaly"
"Flatfish","Rex sole",3,"ZP",1,"anomaly"
"Flatfish","Rex sole",3,"BO2",2.06,"anomaly"
"Flatfish","Rex sole",3,"MHW",2.98,"anomaly"
"Rockfish","Rougheye_blackspotted rockfish",3,"BT",1.56,"anomaly"
"Rockfish","Rougheye_blackspotted rockfish",3,"BS",1.42,"anomaly"
"Rockfish","Rougheye_blackspotted rockfish",3,"BpH",3.99,"anomaly"
"Rockfish","Rougheye_blackspotted rockfish",3,"PhT",1,"anomaly"
"Rockfish","Rougheye_blackspotted rockfish",3,"ZP",1,"anomaly"
"Rockfish","Rougheye_blackspotted rockfish",3,"BO2",1.86,"anomaly"
"Rockfish","Rougheye_blackspotted rockfish",3,"MHW",3.02,"anomaly"
"Groundfish","Sablefish",3,"BT",1.58,"anomaly"
"Groundfish","Sablefish",3,"BS",1.39,"anomaly"
"Groundfish","Sablefish",3,"BpH",4,"anomaly"
"Groundfish","Sablefish",3,"PhT",1,"anomaly"
"Groundfish","Sablefish",3,"ZP",1,"anomaly"
"Groundfish","Sablefish",3,"BO2",1.78,"anomaly"
"Groundfish","Sablefish",3,"MHW",3.15,"anomaly"
"Rockfish","Sharpchin rockfish",3,"BT",1.46,"anomaly"
"Rockfish","Sharpchin rockfish",3,"BS",1.42,"anomaly"
"Rockfish","Sharpchin rockfish",3,"BpH",3.99,"anomaly"
"Rockfish","Sharpchin rockfish",3,"PhT",1,"anomaly"
"Rockfish","Sharpchin rockfish",3,"ZP",1,"anomaly"
"Rockfish","Sharpchin rockfish",3,"BO2",1.95,"anomaly"
"Rockfish","Sharpchin rockfish",3,"MHW",3.27,"anomaly"
"Rockfish","Shortraker rockfish",3,"BT",1.31,"anomaly"
"Rockfish","Shortraker rockfish",3,"BS",1.59,"anomaly"
"Rockfish","Shortraker rockfish",3,"BpH",3.99,"anomaly"
"Rockfish","Shortraker rockfish",3,"PhT",1,"anomaly"
"Rockfish","Shortraker rockfish",3,"ZP",1,"anomaly"
"Rockfish","Shortraker rockfish",3,"BO2",1.85,"anomaly"
"Rockfish","Shortraker rockfish",3,"MHW",3.31,"anomaly"
"Rockfish","Shortspine thornyhead",3,"BT",1.43,"anomaly"
"Rockfish","Shortspine thornyhead",3,"BS",1.46,"anomaly"
"Rockfish","Shortspine thornyhead",3,"BpH",3.99,"anomaly"
"Rockfish","Shortspine thornyhead",3,"PhT",1,"anomaly"
"Rockfish","Shortspine thornyhead",3,"ZP",1,"anomaly"
"Rockfish","Shortspine thornyhead",3,"BO2",1.93,"anomaly"
"Rockfish","Shortspine thornyhead",3,"MHW",3.2,"anomaly"
"Crustacean","Sidestriped shrimp",2,"BT",1.5,"anomaly"
"Crustacean","Sidestriped shrimp",2,"BS",1.46,"anomaly"
"Crustacean","Sidestriped shrimp",2,"BpH",3.99,"anomaly"
"Crustacean","Sidestriped shrimp",2,"PhT",1,"anomaly"
"Crustacean","Sidestriped shrimp",2,"ZP",1,"anomaly"
"Crustacean","Sidestriped shrimp",2,"BO2",1.84,"anomaly"
"Crustacean","Sidestriped shrimp",2,"MHW",3.15,"anomaly"
"Rockfish","Silvergray rockfish",3,"BT",1.44,"anomaly"
"Rockfish","Silvergray rockfish",3,"BS",1.46,"anomaly"
"Rockfish","Silvergray rockfish",3,"BpH",3.99,"anomaly"
"Rockfish","Silvergray rockfish",3,"PhT",1,"anomaly"
"Rockfish","Silvergray rockfish",3,"ZP",1,"anomaly"
"Rockfish","Silvergray rockfish",3,"BO2",1.72,"anomaly"
"Rockfish","Silvergray rockfish",3,"MHW",3.39,"anomaly"
"Salmon","Sockeye salmon",2,"SST",1,"anomaly"
"Salmon","Sockeye salmon",2,"SS",1.42,"anomaly"
"Salmon","Sockeye salmon",2,"SpH",4,"anomaly"
"Salmon","Sockeye salmon",2,"PhT",1,"anomaly"
"Salmon","Sockeye salmon",2,"ZP",1,"anomaly"
"Salmon","Sockeye salmon",2,"SO2",3.3,"anomaly"
"Salmon","Sockeye salmon",2,"AT",3.69,"anomaly"
"Salmon","Sockeye salmon",2,"PR",2,"anomaly"
"Salmon","Sockeye salmon",2,"MHW",3.37,"anomaly"
"Flatfish","Southern rock sole",3,"BT",1.59,"anomaly"
"Flatfish","Southern rock sole",3,"BS",1.4,"anomaly"
"Flatfish","Southern rock sole",3,"BpH",4,"anomaly"
"Flatfish","Southern rock sole",3,"PhT",1,"anomaly"
"Flatfish","Southern rock sole",3,"ZP",1,"anomaly"
"Flatfish","Southern rock sole",3,"BO2",2.34,"anomaly"
"Flatfish","Southern rock sole",3,"MHW",2.67,"anomaly"
"Crustacean","Spot shrimp",2,"BT",1.5,"anomaly"
"Crustacean","Spot shrimp",2,"BS",1.46,"anomaly"
"Crustacean","Spot shrimp",2,"BpH",3.99,"anomaly"
"Crustacean","Spot shrimp",2,"PhT",1,"anomaly"
"Crustacean","Spot shrimp",2,"ZP",1,"anomaly"
"Crustacean","Spot shrimp",2,"BO2",1.84,"anomaly"
"Crustacean","Spot shrimp",2,"MHW",3.15,"anomaly"
"Flatfish","Starry flounder",3,"BT",1.5,"anomaly"
"Flatfish","Starry flounder",3,"BS",1.56,"anomaly"
"Flatfish","Starry flounder",3,"BpH",4,"anomaly"
"Flatfish","Starry flounder",3,"PhT",1,"anomaly"
"Flatfish","Starry flounder",3,"ZP",1,"anomaly"
"Flatfish","Starry flounder",3,"BO2",2.12,"anomaly"
"Flatfish","Starry flounder",3,"AT",2.37,"anomaly"
"Flatfish","Starry flounder",3,"MHW",2.36,"anomaly"
"Salmon","Steelhead",1,"SST",1.02,"anomaly"
"Salmon","Steelhead",1,"SS",1.71,"anomaly"
"Salmon","Steelhead",1,"SpH",4,"anomaly"
"Salmon","Steelhead",1,"PhT",1,"anomaly"
"Salmon","Steelhead",1,"ZP",1,"anomaly"
"Salmon","Steelhead",1,"SO2",3.06,"anomaly"
"Salmon","Steelhead",1,"AT",2.75,"anomaly"
"Salmon","Steelhead",1,"PR",1.95,"anomaly"
"Salmon","Steelhead",1,"MHW",2.95,"anomaly"
"Crustacean","Tanner crab",2,"BT",1.5,"anomaly"
"Crustacean","Tanner crab",2,"BS",1.6,"anomaly"
"Crustacean","Tanner crab",2,"BpH",4,"anomaly"
"Crustacean","Tanner crab",2,"PhT",1,"anomaly"
"Crustacean","Tanner crab",2,"ZP",1,"anomaly"
"Crustacean","Tanner crab",2,"BO2",2.08,"anomaly"
"Crustacean","Tanner crab",2,"MHW",2.39,"anomaly"
"Groundfish","Walleye pollock",3,"BT",1.64,"anomaly"
"Groundfish","Walleye pollock",3,"BS",1.45,"anomaly"
"Groundfish","Walleye pollock",3,"BpH",4,"anomaly"
"Groundfish","Walleye pollock",3,"PhT",1,"anomaly"
"Groundfish","Walleye pollock",3,"ZP",1,"anomaly"
"Groundfish","Walleye pollock",3,"BO2",2.21,"anomaly"
"Groundfish","Walleye pollock",3,"MHW",2.71,"anomaly"
"Mollusc","Weathervane scallop",3,"BT",1.59,"anomaly"
"Mollusc","Weathervane scallop",3,"BS",1.38,"anomaly"
"Mollusc","Weathervane scallop",3,"BpH",4,"anomaly"
"Mollusc","Weathervane scallop",3,"PhT",1,"anomaly"
"Mollusc","Weathervane scallop",3,"ZP",1,"anomaly"
"Mollusc","Weathervane scallop",3,"BO2",2.45,"anomaly"
"Mollusc","Weathervane scallop",3,"AT",2.43,"anomaly"
"Mollusc","Weathervane scallop",3,"MHW",2.71,"anomaly"
"Rockfish","Yelloweye rockfish",3,"BT",1.35,"anomaly"
"Rockfish","Yelloweye rockfish",3,"BS",1.4,"anomaly"
"Rockfish","Yelloweye rockfish",3,"BpH",3.99,"anomaly"
"Rockfish","Yelloweye rockfish",3,"PhT",1,"anomaly"
"Rockfish","Yelloweye rockfish",3,"ZP",1,"anomaly"
"Rockfish","Yelloweye rockfish",3,"BO2",1.83,"anomaly"
"Rockfish","Yelloweye rockfish",3,"MHW",3.45,"anomaly"
"Flatfish","Yellowfin sole",3,"BT",1.55,"anomaly"
"Flatfish","Yellowfin sole",3,"BS",1.61,"anomaly"
"Flatfish","Yellowfin sole",3,"BpH",4,"anomaly"
"Flatfish","Yellowfin sole",3,"PhT",1,"anomaly"
"Flatfish","Yellowfin sole",3,"ZP",1,"anomaly"
"Flatfish","Yellowfin sole",3,"BO2",2.53,"anomaly"
"Flatfish","Yellowfin sole",3,"MHW",2.49,"anomaly"
"Flatfish","Alaska plaice",3,"BT",2,"variability"
"Flatfish","Alaska plaice",3,"BS",2,"variability"
"Flatfish","Alaska plaice",3,"BpH",4,"variability"
"Flatfish","Alaska plaice",3,"PhT",2.33,"variability"
"Flatfish","Alaska plaice",3,"ZP",2,"variability"
"Flatfish","Alaska plaice",3,"BO2",1.85,"variability"
"Elasmobranch","Alaska skate",3,"BT",2,"variability"
"Elasmobranch","Alaska skate",3,"BS",1.93,"variability"
"Elasmobranch","Alaska skate",3,"BpH",4,"variability"
"Elasmobranch","Alaska skate",3,"PhT",2.2,"variability"
"Elasmobranch","Alaska skate",3,"ZP",2,"variability"
"Elasmobranch","Alaska skate",3,"BO2",1.73,"variability"
"Flatfish","Arrowtooth flounder",3,"BT",2,"variability"
"Flatfish","Arrowtooth flounder",3,"BS",1.83,"variability"
"Flatfish","Arrowtooth flounder",3,"BpH",4,"variability"
"Flatfish","Arrowtooth flounder",3,"PhT",2.17,"variability"
"Flatfish","Arrowtooth flounder",3,"ZP",2,"variability"
"Flatfish","Arrowtooth flounder",3,"BO2",1.71,"variability"
"Groundfish","Atka mackerel",3,"BT",2,"variability"
"Groundfish","Atka mackerel",3,"BS",1.75,"variability"
"Groundfish","Atka mackerel",3,"BpH",4,"variability"
"Groundfish","Atka mackerel",3,"PhT",2.3,"variability"
"Groundfish","Atka mackerel",3,"ZP",2,"variability"
"Groundfish","Atka mackerel",3,"BO2",1.58,"variability"
"Elasmobranch","Big skate",3,"BT",2,"variability"
"Elasmobranch","Big skate",3,"BS",1.99,"variability"
"Elasmobranch","Big skate",3,"BpH",4,"variability"
"Elasmobranch","Big skate",3,"PhT",1.87,"variability"
"Elasmobranch","Big skate",3,"ZP",2,"variability"
"Elasmobranch","Big skate",3,"BO2",1.55,"variability"
"Rockfish","Black rockfish",2,"BT",2,"variability"
"Rockfish","Black rockfish",2,"BS",1.68,"variability"
"Rockfish","Black rockfish",2,"BpH",4,"variability"
"Rockfish","Black rockfish",2,"PhT",2.04,"variability"
"Rockfish","Black rockfish",2,"ZP",2,"variability"
"Rockfish","Black rockfish",2,"BO2",1.48,"variability"
"Forage","Capelin",2,"SST",2,"variability"
"Forage","Capelin",2,"SS",2.38,"variability"
"Forage","Capelin",2,"SpH",4,"variability"
"Forage","Capelin",2,"PhT",2.1,"variability"
"Forage","Capelin",2,"ZP",2,"variability"
"Forage","Capelin",2,"SO2",2.07,"variability"
"Forage","Capelin",2,"AT",2.06,"variability"
"Salmon","Chinook salmon",2,"SST",2,"variability"
"Salmon","Chinook salmon",2,"SS",2.46,"variability"
"Salmon","Chinook salmon",2,"SpH",4,"variability"
"Salmon","Chinook salmon",2,"PhT",1.97,"variability"
"Salmon","Chinook salmon",2,"ZP",2,"variability"
"Salmon","Chinook salmon",2,"SO2",2.09,"variability"
"Salmon","Chinook salmon",2,"AT",2.39,"variability"
"Salmon","Chinook salmon",2,"PR",2.01,"variability"
"Salmon","Chum salmon",2,"SST",2,"variability"
"Salmon","Chum salmon",2,"SS",2.64,"variability"
"Salmon","Chum salmon",2,"SpH",4,"variability"
"Salmon","Chum salmon",2,"PhT",2.16,"variability"
"Salmon","Chum salmon",2,"ZP",2,"variability"
"Salmon","Chum salmon",2,"SO2",2.08,"variability"
"Salmon","Chum salmon",2,"AT",2.1,"variability"
"Salmon","Chum salmon",2,"PR",2.12,"variability"
"Salmon","Coho salmon",2,"SST",2,"variability"
"Salmon","Coho salmon",2,"SS",2.46,"variability"
"Salmon","Coho salmon",2,"SpH",4,"variability"
"Salmon","Coho salmon",2,"PhT",1.97,"variability"
"Salmon","Coho salmon",2,"ZP",2,"variability"
"Salmon","Coho salmon",2,"SO2",2.09,"variability"
"Salmon","Coho salmon",2,"AT",2.39,"variability"
"Salmon","Coho salmon",2,"PR",2.01,"variability"
"Flatfish","Dover sole",3,"BT",2,"variability"
"Flatfish","Dover sole",3,"BS",1.68,"variability"
"Flatfish","Dover sole",3,"BpH",3.98,"variability"
"Flatfish","Dover sole",3,"PhT",2.04,"variability"
"Flatfish","Dover sole",3,"ZP",2,"variability"
"Flatfish","Dover sole",3,"BO2",1.82,"variability"
"Crustacean","Dungeness crab",2,"BT",2,"variability"
"Crustacean","Dungeness crab",2,"BS",1.9,"variability"
"Crustacean","Dungeness crab",2,"BpH",4,"variability"
"Crustacean","Dungeness crab",2,"PhT",1.94,"variability"
"Crustacean","Dungeness crab",2,"ZP",2,"variability"
"Crustacean","Dungeness crab",2,"BO2",1.96,"variability"
"Rockfish","Dusky rockfish",3,"BT",2,"variability"
"Rockfish","Dusky rockfish",3,"BS",1.67,"variability"
"Rockfish","Dusky rockfish",3,"BpH",3.98,"variability"
"Rockfish","Dusky rockfish",3,"PhT",2.09,"variability"
"Rockfish","Dusky rockfish",3,"ZP",2,"variability"
"Rockfish","Dusky rockfish",3,"BO2",1.72,"variability"
"Forage","Eulachon",2,"SST",2,"variability"
"Forage","Eulachon",2,"SS",2.68,"variability"
"Forage","Eulachon",2,"SpH",4,"variability"
"Forage","Eulachon",2,"PhT",2.1,"variability"
"Forage","Eulachon",2,"ZP",2,"variability"
"Forage","Eulachon",2,"SO2",2.18,"variability"
"Forage","Eulachon",2,"AT",2.4,"variability"
"Forage","Eulachon",2,"PR",2.09,"variability"
"Flatfish","Flathead sole",3,"BT",2,"variability"
"Flatfish","Flathead sole",3,"BS",1.91,"variability"
"Flatfish","Flathead sole",3,"BpH",4,"variability"
"Flatfish","Flathead sole",3,"PhT",2.3,"variability"
"Flatfish","Flathead sole",3,"ZP",2,"variability"
"Flatfish","Flathead sole",3,"BO2",1.77,"variability"
"Mollusc","Geoduck clam",1,"BT",2,"variability"
"Mollusc","Geoduck clam",1,"BS",1.81,"variability"
"Mollusc","Geoduck clam",1,"BpH",4,"variability"
"Mollusc","Geoduck clam",1,"PhT",1.85,"variability"
"Mollusc","Geoduck clam",1,"ZP",2,"variability"
"Mollusc","Geoduck clam",1,"BO2",2.07,"variability"
"Mollusc","Geoduck clam",1,"AT",2.32,"variability"
"Groundfish","Giant grenadier",2,"BT",2,"variability"
"Groundfish","Giant grenadier",2,"BS",1,"variability"
"Groundfish","Giant grenadier",2,"BpH",4,"variability"
"Groundfish","Giant grenadier",2,"PhT",1.9,"variability"
"Groundfish","Giant grenadier",2,"ZP",2,"variability"
"Groundfish","Giant grenadier",2,"BO2",1.84,"variability"
"Mollusc","Giant Pacific octopus",3,"BT",2,"variability"
"Mollusc","Giant Pacific octopus",3,"BS",1.68,"variability"
"Mollusc","Giant Pacific octopus",3,"BpH",4,"variability"
"Mollusc","Giant Pacific octopus",3,"PhT",2.22,"variability"
"Mollusc","Giant Pacific octopus",3,"ZP",2,"variability"
"Mollusc","Giant Pacific octopus",3,"BO2",1.68,"variability"
"Mollusc","Giant Pacific octopus",3,"AT",2.01,"variability"
"Crustacean","Golden king crab",2,"BT",2,"variability"
"Crustacean","Golden king crab",2,"BS",1.67,"variability"
"Crustacean","Golden king crab",2,"BpH",3.96,"variability"
"Crustacean","Golden king crab",2,"PhT",2.1,"variability"
"Crustacean","Golden king crab",2,"ZP",2,"variability"
"Crustacean","Golden king crab",2,"BO2",1.68,"variability"
"Rockfish","Harlequin rockfish",3,"BT",2,"variability"
"Rockfish","Harlequin rockfish",3,"BS",1.61,"variability"
"Rockfish","Harlequin rockfish",3,"BpH",3.97,"variability"
"Rockfish","Harlequin rockfish",3,"PhT",2.09,"variability"
"Rockfish","Harlequin rockfish",3,"ZP",2,"variability"
"Rockfish","Harlequin rockfish",3,"BO2",1.76,"variability"
"Groundfish","Lingcod",3,"BT",2,"variability"
"Groundfish","Lingcod",3,"BS",1.84,"variability"
"Groundfish","Lingcod",3,"BpH",4,"variability"
"Groundfish","Lingcod",3,"PhT",1.85,"variability"
"Groundfish","Lingcod",3,"ZP",2,"variability"
"Groundfish","Lingcod",3,"BO2",1.85,"variability"
"Mollusc","Littleneck clam",1,"BT",2,"variability"
"Mollusc","Littleneck clam",1,"BS",1.87,"variability"
"Mollusc","Littleneck clam",1,"BpH",4,"variability"
"Mollusc","Littleneck clam",1,"PhT",1.83,"variability"
"Mollusc","Littleneck clam",1,"ZP",2,"variability"
"Mollusc","Littleneck clam",1,"BO2",2.01,"variability"
"Mollusc","Littleneck clam",1,"AT",2.42,"variability"
"Elasmobranch","Longnose skate",3,"BT",2,"variability"
"Elasmobranch","Longnose skate",3,"BS",1.86,"variability"
"Elasmobranch","Longnose skate",3,"BpH",4,"variability"
"Elasmobranch","Longnose skate",3,"PhT",2.12,"variability"
"Elasmobranch","Longnose skate",3,"ZP",2,"variability"
"Elasmobranch","Longnose skate",3,"BO2",1.72,"variability"
"Mollusc","Magistrate armhook squid",2,"BT",2,"variability"
"Mollusc","Magistrate armhook squid",2,"BS",1.67,"variability"
"Mollusc","Magistrate armhook squid",2,"BpH",3.96,"variability"
"Mollusc","Magistrate armhook squid",2,"PhT",2.1,"variability"
"Mollusc","Magistrate armhook squid",2,"ZP",2,"variability"
"Mollusc","Magistrate armhook squid",2,"BO2",1.68,"variability"
"Flatfish","Northern rock sole",3,"BT",2,"variability"
"Flatfish","Northern rock sole",3,"BS",1.89,"variability"
"Flatfish","Northern rock sole",3,"BpH",4,"variability"
"Flatfish","Northern rock sole",3,"PhT",2.19,"variability"
"Flatfish","Northern rock sole",3,"ZP",2,"variability"
"Flatfish","Northern rock sole",3,"BO2",1.64,"variability"
"Rockfish","Northern rockfish",3,"BT",2,"variability"
"Rockfish","Northern rockfish",3,"BS",1.71,"variability"
"Rockfish","Northern rockfish",3,"BpH",3.98,"variability"
"Rockfish","Northern rockfish",3,"PhT",2.21,"variability"
"Rockfish","Northern rockfish",3,"ZP",2,"variability"
"Rockfish","Northern rockfish",3,"BO2",1.61,"variability"
"Groundfish","Pacific cod",3,"BT",2,"variability"
"Groundfish","Pacific cod",3,"BS",1.85,"variability"
"Groundfish","Pacific cod",3,"BpH",4,"variability"
"Groundfish","Pacific cod",3,"PhT",2.27,"variability"
"Groundfish","Pacific cod",3,"ZP",2,"variability"
"Groundfish","Pacific cod",3,"BO2",1.63,"variability"
"Flatfish","Pacific halibut",3,"BT",2,"variability"
"Flatfish","Pacific halibut",3,"BS",1.95,"variability"
"Flatfish","Pacific halibut",3,"BpH",4,"variability"
"Flatfish","Pacific halibut",3,"PhT",2.05,"variability"
"Flatfish","Pacific halibut",3,"ZP",2,"variability"
"Flatfish","Pacific halibut",3,"BO2",1.68,"variability"
"Forage","Pacific herring",2,"SST",2,"variability"
"Forage","Pacific herring",2,"SS",2.68,"variability"
"Forage","Pacific herring",2,"SpH",4,"variability"
"Forage","Pacific herring",2,"PhT",2.1,"variability"
"Forage","Pacific herring",2,"ZP",2,"variability"
"Forage","Pacific herring",2,"SO2",2.18,"variability"
"Forage","Pacific herring",2,"AT",2.4,"variability"
"Rockfish","Pacific ocean perch",3,"BT",2,"variability"
"Rockfish","Pacific ocean perch",3,"BS",1.65,"variability"
"Rockfish","Pacific ocean perch",3,"BpH",3.97,"variability"
"Rockfish","Pacific ocean perch",3,"PhT",2.13,"variability"
"Rockfish","Pacific ocean perch",3,"ZP",2,"variability"
"Rockfish","Pacific ocean perch",3,"BO2",1.72,"variability"
"Forage","Pacific sand lance",2,"SST",2,"variability"
"Forage","Pacific sand lance",2,"SS",2.68,"variability"
"Forage","Pacific sand lance",2,"SpH",4,"variability"
"Forage","Pacific sand lance",2,"PhT",2.1,"variability"
"Forage","Pacific sand lance",2,"ZP",2,"variability"
"Forage","Pacific sand lance",2,"SO2",2.18,"variability"
"Forage","Pacific sand lance",2,"AT",2.4,"variability"
"Forage","Pacific sandfish",1,"BT",2,"variability"
"Forage","Pacific sandfish",1,"BS",1.82,"variability"
"Forage","Pacific sandfish",1,"BpH",4,"variability"
"Forage","Pacific sandfish",1,"PhT",2.11,"variability"
"Forage","Pacific sandfish",1,"ZP",2,"variability"
"Forage","Pacific sandfish",1,"BO2",1.81,"variability"
"Elasmobranch","Pacific spiny dogfish",3,"SST",2,"variability"
"Elasmobranch","Pacific spiny dogfish",3,"SS",2.72,"variability"
"Elasmobranch","Pacific spiny dogfish",3,"SpH",4,"variability"
"Elasmobranch","Pacific spiny dogfish",3,"PhT",1.68,"variability"
"Elasmobranch","Pacific spiny dogfish",3,"ZP",2,"variability"
"Elasmobranch","Pacific spiny dogfish",3,"SO2",1.85,"variability"
"Flatfish","Petrale sole",3,"BT",2,"variability"
"Flatfish","Petrale sole",3,"BS",1.59,"variability"
"Flatfish","Petrale sole",3,"BpH",3.91,"variability"
"Flatfish","Petrale sole",3,"PhT",1.84,"variability"
"Flatfish","Petrale sole",3,"ZP",2,"variability"
"Flatfish","Petrale sole",3,"BO2",1.98,"variability"
"Salmon","Pink salmon",2,"SST",2,"variability"
"Salmon","Pink salmon",2,"SS",2.66,"variability"
"Salmon","Pink salmon",2,"SpH",4,"variability"
"Salmon","Pink salmon",2,"PhT",2.05,"variability"
"Salmon","Pink salmon",2,"ZP",2,"variability"
"Salmon","Pink salmon",2,"SO2",2.05,"variability"
"Salmon","Pink salmon",2,"AT",2.5,"variability"
"Salmon","Pink salmon",2,"PR",2.02,"variability"
"Groundfish","Plain sculpin",1,"BT",2,"variability"
"Groundfish","Plain sculpin",1,"BS",1.74,"variability"
"Groundfish","Plain sculpin",1,"BpH",3.98,"variability"
"Groundfish","Plain sculpin",1,"PhT",2.12,"variability"
"Groundfish","Plain sculpin",1,"ZP",2,"variability"
"Groundfish","Plain sculpin",1,"BO2",1.84,"variability"
"Mollusc","Razor clam",1,"BT",2,"variability"
"Mollusc","Razor clam",1,"BS",1.91,"variability"
"Mollusc","Razor clam",1,"BpH",4,"variability"
"Mollusc","Razor clam",1,"PhT",1.85,"variability"
"Mollusc","Razor clam",1,"ZP",2,"variability"
"Mollusc","Razor clam",1,"BO2",2.08,"variability"
"Mollusc","Razor clam",1,"AT",2.5,"variability"
"Crustacean","Red king crab",2,"BT",2,"variability"
"Crustacean","Red king crab",2,"BS",1.67,"variability"
"Crustacean","Red king crab",2,"BpH",3.96,"variability"
"Crustacean","Red king crab",2,"PhT",2.1,"variability"
"Crustacean","Red king crab",2,"ZP",2,"variability"
"Crustacean","Red king crab",2,"BO2",1.68,"variability"
"Rockfish","Redbanded rockfish",3,"BT",2,"variability"
"Rockfish","Redbanded rockfish",3,"BS",1.44,"variability"
"Rockfish","Redbanded rockfish",3,"BpH",3.91,"variability"
"Rockfish","Redbanded rockfish",3,"PhT",2.01,"variability"
"Rockfish","Redbanded rockfish",3,"ZP",2,"variability"
"Rockfish","Redbanded rockfish",3,"BO2",1.84,"variability"
"Flatfish","Rex sole",3,"BT",2,"variability"
"Flatfish","Rex sole",3,"BS",1.68,"variability"
"Flatfish","Rex sole",3,"BpH",3.98,"variability"
"Flatfish","Rex sole",3,"PhT",2.19,"variability"
"Flatfish","Rex sole",3,"ZP",2,"variability"
"Flatfish","Rex sole",3,"BO2",1.7,"variability"
"Rockfish","Rougheye_blackspotted rockfish",3,"BT",2,"variability"
"Rockfish","Rougheye_blackspotted rockfish",3,"BS",1.66,"variability"
"Rockfish","Rougheye_blackspotted rockfish",3,"BpH",3.96,"variability"
"Rockfish","Rougheye_blackspotted rockfish",3,"PhT",2.26,"variability"
"Rockfish","Rougheye_blackspotted rockfish",3,"ZP",2,"variability"
"Rockfish","Rougheye_blackspotted rockfish",3,"BO2",1.74,"variability"
"Groundfish","Sablefish",3,"BT",2,"variability"
"Groundfish","Sablefish",3,"BS",1.68,"variability"
"Groundfish","Sablefish",3,"BpH",3.98,"variability"
"Groundfish","Sablefish",3,"PhT",2.16,"variability"
"Groundfish","Sablefish",3,"ZP",2,"variability"
"Groundfish","Sablefish",3,"BO2",1.63,"variability"
"Rockfish","Sharpchin rockfish",3,"BT",2,"variability"
"Rockfish","Sharpchin rockfish",3,"BS",1.61,"variability"
"Rockfish","Sharpchin rockfish",3,"BpH",3.96,"variability"
"Rockfish","Sharpchin rockfish",3,"PhT",2.06,"variability"
"Rockfish","Sharpchin rockfish",3,"ZP",2,"variability"
"Rockfish","Sharpchin rockfish",3,"BO2",1.79,"variability"
"Rockfish","Shortraker rockfish",3,"BT",2,"variability"
"Rockfish","Shortraker rockfish",3,"BS",1.39,"variability"
"Rockfish","Shortraker rockfish",3,"BpH",3.94,"variability"
"Rockfish","Shortraker rockfish",3,"PhT",2.07,"variability"
"Rockfish","Shortraker rockfish",3,"ZP",2,"variability"
"Rockfish","Shortraker rockfish",3,"BO2",1.9,"variability"
"Rockfish","Shortspine thornyhead",3,"BT",2,"variability"
"Rockfish","Shortspine thornyhead",3,"BS",1.56,"variability"
"Rockfish","Shortspine thornyhead",3,"BpH",3.96,"variability"
"Rockfish","Shortspine thornyhead",3,"PhT",2.1,"variability"
"Rockfish","Shortspine thornyhead",3,"ZP",2,"variability"
"Rockfish","Shortspine thornyhead",3,"BO2",1.82,"variability"
"Crustacean","Sidestriped shrimp",2,"BT",2,"variability"
"Crustacean","Sidestriped shrimp",2,"BS",1.67,"variability"
"Crustacean","Sidestriped shrimp",2,"BpH",3.96,"variability"
"Crustacean","Sidestriped shrimp",2,"PhT",2.1,"variability"
"Crustacean","Sidestriped shrimp",2,"ZP",2,"variability"
"Crustacean","Sidestriped shrimp",2,"BO2",1.68,"variability"
"Rockfish","Silvergray rockfish",3,"BT",2,"variability"
"Rockfish","Silvergray rockfish",3,"BS",1.64,"variability"
"Rockfish","Silvergray rockfish",3,"BpH",3.95,"variability"
"Rockfish","Silvergray rockfish",3,"PhT",1.95,"variability"
"Rockfish","Silvergray rockfish",3,"ZP",2,"variability"
"Rockfish","Silvergray rockfish",3,"BO2",1.85,"variability"
"Salmon","Sockeye salmon",2,"SST",2,"variability"
"Salmon","Sockeye salmon",2,"SS",2.82,"variability"
"Salmon","Sockeye salmon",2,"SpH",4,"variability"
"Salmon","Sockeye salmon",2,"PhT",1.77,"variability"
"Salmon","Sockeye salmon",2,"ZP",2,"variability"
"Salmon","Sockeye salmon",2,"SO2",2.44,"variability"
"Salmon","Sockeye salmon",2,"AT",3,"variability"
"Salmon","Sockeye salmon",2,"PR",2,"variability"
"Flatfish","Southern rock sole",3,"BT",2,"variability"
"Flatfish","Southern rock sole",3,"BS",1.87,"variability"
"Flatfish","Southern rock sole",3,"BpH",4,"variability"
"Flatfish","Southern rock sole",3,"PhT",2.18,"variability"
"Flatfish","Southern rock sole",3,"ZP",2,"variability"
"Flatfish","Southern rock sole",3,"BO2",1.6,"variability"
"Crustacean","Spot shrimp",2,"BT",2,"variability"
"Crustacean","Spot shrimp",2,"BS",1.67,"variability"
"Crustacean","Spot shrimp",2,"BpH",3.96,"variability"
"Crustacean","Spot shrimp",2,"PhT",2.1,"variability"
"Crustacean","Spot shrimp",2,"ZP",2,"variability"
"Crustacean","Spot shrimp",2,"BO2",1.68,"variability"
"Flatfish","Starry flounder",3,"BT",2,"variability"
"Flatfish","Starry flounder",3,"BS",1.99,"variability"
"Flatfish","Starry flounder",3,"BpH",4,"variability"
"Flatfish","Starry flounder",3,"PhT",2.09,"variability"
"Flatfish","Starry flounder",3,"ZP",2,"variability"
"Flatfish","Starry flounder",3,"BO2",1.81,"variability"
"Flatfish","Starry flounder",3,"AT",2.25,"variability"
"Salmon","Steelhead",1,"SST",2,"variability"
"Salmon","Steelhead",1,"SS",2.81,"variability"
"Salmon","Steelhead",1,"SpH",4,"variability"
"Salmon","Steelhead",1,"PhT",1.97,"variability"
"Salmon","Steelhead",1,"ZP",2,"variability"
"Salmon","Steelhead",1,"SO2",2.18,"variability"
"Salmon","Steelhead",1,"AT",2.46,"variability"
"Salmon","Steelhead",1,"PR",2.08,"variability"
"Crustacean","Tanner crab",2,"BT",2,"variability"
"Crustacean","Tanner crab",2,"BS",1.93,"variability"
"Crustacean","Tanner crab",2,"BpH",4,"variability"
"Crustacean","Tanner crab",2,"PhT",2.23,"variability"
"Crustacean","Tanner crab",2,"ZP",2,"variability"
"Crustacean","Tanner crab",2,"BO2",1.73,"variability"
"Groundfish","Walleye pollock",3,"BT",2,"variability"
"Groundfish","Walleye pollock",3,"BS",1.83,"variability"
"Groundfish","Walleye pollock",3,"BpH",3.98,"variability"
"Groundfish","Walleye pollock",3,"PhT",2.28,"variability"
"Groundfish","Walleye pollock",3,"ZP",2,"variability"
"Groundfish","Walleye pollock",3,"BO2",1.72,"variability"
"Mollusc","Weathervane scallop",3,"BT",2,"variability"
"Mollusc","Weathervane scallop",3,"BS",1.75,"variability"
"Mollusc","Weathervane scallop",3,"BpH",4,"variability"
"Mollusc","Weathervane scallop",3,"PhT",2.06,"variability"
"Mollusc","Weathervane scallop",3,"ZP",2,"variability"
"Mollusc","Weathervane scallop",3,"BO2",1.82,"variability"
"Mollusc","Weathervane scallop",3,"AT",2.28,"variability"
"Rockfish","Yelloweye rockfish",3,"BT",2,"variability"
"Rockfish","Yelloweye rockfish",3,"BS",1.5,"variability"
"Rockfish","Yelloweye rockfish",3,"BpH",3.92,"variability"
"Rockfish","Yelloweye rockfish",3,"PhT",2.05,"variability"
"Rockfish","Yelloweye rockfish",3,"ZP",2,"variability"
"Rockfish","Yelloweye rockfish",3,"BO2",1.68,"variability"
"Flatfish","Yellowfin sole",3,"BT",2,"variability"
"Flatfish","Yellowfin sole",3,"BS",1.98,"variability"
"Flatfish","Yellowfin sole",3,"BpH",4,"variability"
"Flatfish","Yellowfin sole",3,"PhT",2.32,"variability"
"Flatfish","Yellowfin sole",3,"ZP",2,"variability"
"Flatfish","Yellowfin sole",3,"BO2",1.7,"variability"
